date,variable,measurement,month,year
1980-10-31,evap,5.01304347826087,10,1980
1980-11-30,evap,3.7809523809523813,11,1980
1980-12-31,evap,2.662962962962963,12,1980
1981-01-31,evap,2.0620689655172413,1,1981
1981-02-28,evap,3.8535714285714286,2,1981
1981-03-31,evap,3.892857142857143,3,1981
1981-04-30,evap,7.292857142857143,4,1981
1981-05-31,evap,6.896774193548388,5,1981
1981-06-30,evap,8.488888888888889,6,1981
1981-07-31,evap,5.541935483870968,7,1981
1981-08-31,evap,7.495652173913044,8,1981
1981-09-30,evap,5.706666666666666,9,1981
1981-10-31,evap,4.328571428571428,10,1981
1981-11-30,evap,3.9266666666666667,11,1981
1981-12-31,evap,3.357142857142857,12,1981
1982-01-31,evap,2.1451612903225805,1,1982
1982-02-28,evap,2.8227272727272728,2,1982
1982-03-31,evap,4.84516129032258,3,1982
1982-04-30,evap,7.4423076923076925,4,1982
1982-05-31,evap,,5,1982
1982-06-30,evap,,6,1982
1982-07-31,evap,,7,1982
1982-08-31,evap,,8,1982
1982-09-30,evap,,9,1982
1982-10-31,evap,,10,1982
1982-11-30,evap,,11,1982
1982-12-31,evap,,12,1982
1983-01-31,evap,1.77,1,1983
1983-02-28,evap,1.7045454545454546,2,1983
1983-03-31,evap,,3,1983
1983-04-30,evap,,4,1983
1983-05-31,evap,,5,1983
1983-06-30,evap,,6,1983
1983-07-31,evap,,7,1983
1983-08-31,evap,,8,1983
1983-09-30,evap,,9,1983
1983-10-31,evap,,10,1983
1983-11-30,evap,,11,1983
1983-12-31,evap,,12,1983
1984-01-31,evap,,1,1984
1984-02-29,evap,,2,1984
1984-03-31,evap,,3,1984
1984-04-30,evap,6.54,4,1984
1984-05-31,evap,8.548387096774194,5,1984
1984-06-30,evap,,6,1984
1984-07-31,evap,,7,1984
1984-08-31,evap,,8,1984
1984-09-30,evap,,9,1984
1984-10-31,evap,,10,1984
1984-11-30,evap,,11,1984
1984-12-31,evap,,12,1984
1985-01-31,evap,,1,1985
1985-02-28,evap,,2,1985
1985-03-31,evap,,3,1985
1985-04-30,evap,,4,1985
1985-05-31,evap,,5,1985
1985-06-30,evap,,6,1985
1985-07-31,evap,,7,1985
1985-08-31,evap,,8,1985
1985-09-30,evap,,9,1985
1985-10-31,evap,,10,1985
1985-11-30,evap,,11,1985
1985-12-31,evap,,12,1985
1986-01-31,evap,,1,1986
1986-02-28,evap,,2,1986
1986-03-31,evap,,3,1986
1986-04-30,evap,,4,1986
1986-05-31,evap,,5,1986
1986-06-30,evap,,6,1986
1986-07-31,evap,,7,1986
1986-08-31,evap,,8,1986
1986-09-30,evap,,9,1986
1986-10-31,evap,,10,1986
1986-11-30,evap,,11,1986
1986-12-31,evap,,12,1986
1987-01-31,evap,,1,1987
1987-02-28,evap,,2,1987
1987-03-31,evap,,3,1987
1987-04-30,evap,,4,1987
1987-05-31,evap,,5,1987
1987-06-30,evap,,6,1987
1987-07-31,evap,,7,1987
1987-08-31,evap,,8,1987
1987-09-30,evap,,9,1987
1987-10-31,evap,,10,1987
1987-11-30,evap,,11,1987
1987-12-31,evap,,12,1987
1988-01-31,evap,,1,1988
1988-02-29,evap,2.2586206896551726,2,1988
1988-03-31,evap,4.551612903225807,3,1988
1988-04-30,evap,5.203333333333333,4,1988
1988-05-31,evap,6.996774193548387,5,1988
1988-06-30,evap,8.016666666666667,6,1988
1988-07-31,evap,4.758064516129032,7,1988
1988-08-31,evap,4.525806451612904,8,1988
1988-09-30,evap,4.836666666666667,9,1988
1988-10-31,evap,3.774193548387097,10,1988
1988-11-30,evap,2.6866666666666665,11,1988
1988-12-31,evap,2.138709677419355,12,1988
1989-01-31,evap,2.274193548387097,1,1989
1989-02-28,evap,3.6964285714285716,2,1989
1989-03-31,evap,5.561290322580645,3,1989
1989-04-30,evap,7.239999999999999,4,1989
1989-05-31,evap,8.59032258064516,5,1989
1989-06-30,evap,,6,1989
1989-07-31,evap,,7,1989
1989-08-31,evap,,8,1989
1989-09-30,evap,,9,1989
1989-10-31,evap,,10,1989
1989-11-30,evap,,11,1989
1989-12-31,evap,,12,1989
1990-01-31,evap,,1,1990
1990-02-28,evap,,2,1990
1990-03-31,evap,,3,1990
1990-04-30,evap,,4,1990
1990-05-31,evap,,5,1990
1990-06-30,evap,,6,1990
1990-07-31,evap,,7,1990
1990-08-31,evap,,8,1990
1990-09-30,evap,,9,1990
1990-10-31,evap,,10,1990
1990-11-30,evap,,11,1990
1990-12-31,evap,,12,1990
1991-01-31,evap,,1,1991
1991-02-28,evap,,2,1991
1991-03-31,evap,,3,1991
1991-04-30,evap,,4,1991
1991-05-31,evap,,5,1991
1991-06-30,evap,,6,1991
1991-07-31,evap,,7,1991
1991-08-31,evap,,8,1991
1991-09-30,evap,,9,1991
1991-10-31,evap,,10,1991
1991-11-30,evap,,11,1991
1991-12-31,evap,,12,1991
1992-01-31,evap,,1,1992
1992-02-29,evap,,2,1992
1992-03-31,evap,,3,1992
1992-04-30,evap,,4,1992
1992-05-31,evap,,5,1992
1992-06-30,evap,,6,1992
1992-07-31,evap,,7,1992
1992-08-31,evap,,8,1992
1992-09-30,evap,,9,1992
1992-10-31,evap,,10,1992
1992-11-30,evap,,11,1992
1992-12-31,evap,,12,1992
1993-01-31,evap,,1,1993
1993-02-28,evap,,2,1993
1993-03-31,evap,,3,1993
1993-04-30,evap,,4,1993
1993-05-31,evap,,5,1993
1993-06-30,evap,,6,1993
1993-07-31,evap,,7,1993
1993-08-31,evap,,8,1993
1993-09-30,evap,,9,1993
1993-10-31,evap,,10,1993
1993-11-30,evap,,11,1993
1993-12-31,evap,,12,1993
1994-01-31,evap,,1,1994
1994-02-28,evap,,2,1994
1994-03-31,evap,,3,1994
1994-04-30,evap,,4,1994
1994-05-31,evap,,5,1994
1994-06-30,evap,,6,1994
1994-07-31,evap,,7,1994
1994-08-31,evap,,8,1994
1994-09-30,evap,,9,1994
1994-10-31,evap,,10,1994
1994-11-30,evap,,11,1994
1994-12-31,evap,,12,1994
1995-01-31,evap,,1,1995
1995-02-28,evap,,2,1995
1995-03-31,evap,,3,1995
1995-04-30,evap,,4,1995
1995-05-31,evap,,5,1995
1995-06-30,evap,,6,1995
1995-07-31,evap,,7,1995
1995-08-31,evap,,8,1995
1995-09-30,evap,,9,1995
1995-10-31,evap,,10,1995
1995-11-30,evap,,11,1995
1995-12-31,evap,,12,1995
1996-01-31,evap,,1,1996
1996-02-29,evap,,2,1996
1996-03-31,evap,,3,1996
1996-04-30,evap,,4,1996
1996-05-31,evap,,5,1996
1996-06-30,evap,,6,1996
1996-07-31,evap,,7,1996
1996-08-31,evap,,8,1996
1996-09-30,evap,,9,1996
1996-10-31,evap,,10,1996
1996-11-30,evap,,11,1996
1996-12-31,evap,,12,1996
1997-01-31,evap,,1,1997
1997-02-28,evap,,2,1997
1997-03-31,evap,,3,1997
1997-04-30,evap,,4,1997
1997-05-31,evap,,5,1997
1997-06-30,evap,,6,1997
1997-07-31,evap,,7,1997
1997-08-31,evap,,8,1997
1997-09-30,evap,,9,1997
1997-10-31,evap,,10,1997
1997-11-30,evap,,11,1997
1997-12-31,evap,,12,1997
1998-01-31,evap,,1,1998
1998-02-28,evap,,2,1998
1998-03-31,evap,,3,1998
1998-04-30,evap,,4,1998
1998-05-31,evap,,5,1998
1998-06-30,evap,,6,1998
1998-07-31,evap,,7,1998
1998-08-31,evap,,8,1998
1998-09-30,evap,,9,1998
1998-10-31,evap,,10,1998
1998-11-30,evap,,11,1998
1998-12-31,evap,,12,1998
1999-01-31,evap,,1,1999
1999-02-28,evap,,2,1999
1999-03-31,evap,,3,1999
1999-04-30,evap,,4,1999
1999-05-31,evap,,5,1999
1999-06-30,evap,,6,1999
1999-07-31,evap,,7,1999
1999-08-31,evap,,8,1999
1999-09-30,evap,,9,1999
1999-10-31,evap,,10,1999
1999-11-30,evap,,11,1999
1999-12-31,evap,,12,1999
2000-01-31,evap,,1,2000
2000-02-29,evap,,2,2000
2000-03-31,evap,,3,2000
2000-04-30,evap,7.7,4,2000
2000-05-31,evap,9.64516129032258,5,2000
2000-06-30,evap,8.279310344827586,6,2000
2000-07-31,evap,7.0,7,2000
2000-08-31,evap,5.112903225806452,8,2000
2000-09-30,evap,6.426923076923076,9,2000
2000-10-31,evap,,10,2000
2000-11-30,evap,,11,2000
2000-12-31,evap,,12,2000
2001-01-31,evap,,1,2001
2001-02-28,evap,,2,2001
2001-03-31,evap,,3,2001
2001-04-30,evap,,4,2001
2001-05-31,evap,,5,2001
2001-06-30,evap,,6,2001
2001-07-31,evap,,7,2001
2001-08-31,evap,,8,2001
2001-09-30,evap,,9,2001
2001-10-31,evap,,10,2001
2001-11-30,evap,,11,2001
2001-12-31,evap,,12,2001
2002-01-31,evap,,1,2002
2002-02-28,evap,,2,2002
2002-03-31,evap,,3,2002
2002-04-30,evap,,4,2002
2002-05-31,evap,,5,2002
2002-06-30,evap,11.846153846153847,6,2002
2002-07-31,evap,,7,2002
2002-08-31,evap,,8,2002
2002-09-30,evap,,9,2002
2002-10-31,evap,,10,2002
2002-11-30,evap,4.5,11,2002
2002-12-31,evap,,12,2002
2003-01-31,evap,,1,2003
2003-02-28,evap,,2,2003
2003-03-31,evap,,3,2003
2003-04-30,evap,,4,2003
2003-05-31,evap,,5,2003
2003-06-30,evap,,6,2003
2003-07-31,evap,,7,2003
2003-08-31,evap,,8,2003
2003-09-30,evap,,9,2003
2003-10-31,evap,,10,2003
2003-11-30,evap,4.074074074074074,11,2003
2003-12-31,evap,3.24,12,2003
2004-01-31,evap,3.037037037037037,1,2004
2004-02-29,evap,,2,2004
2004-03-31,evap,,3,2004
2004-04-30,evap,5.666666666666667,4,2004
2004-05-31,evap,9.7,5,2004
2004-06-30,evap,9.825000000000001,6,2004
2004-07-31,evap,9.04,7,2004
2004-08-31,evap,5.733333333333333,8,2004
2004-09-30,evap,6.464285714285714,9,2004
2004-10-31,evap,,10,2004
2004-11-30,evap,,11,2004
2004-12-31,evap,,12,2004
2005-01-31,evap,,1,2005
2005-02-28,evap,,2,2005
2005-03-31,evap,,3,2005
2005-04-30,evap,,4,2005
2005-05-31,evap,,5,2005
2005-06-30,evap,,6,2005
2005-07-31,evap,,7,2005
2005-08-31,evap,,8,2005
2005-09-30,evap,,9,2005
2005-10-31,evap,4.166666666666667,10,2005
2005-11-30,evap,3.4,11,2005
2005-12-31,evap,2.3225806451612905,12,2005
2006-01-31,evap,,1,2006
2006-02-28,evap,,2,2006
2006-03-31,evap,,3,2006
2006-04-30,evap,,4,2006
2006-05-31,evap,,5,2006
2006-06-30,evap,7.344827586206897,6,2006
2006-07-31,evap,,7,2006
2006-08-31,evap,,8,2006
2006-09-30,evap,,9,2006
2006-10-31,evap,,10,2006
2006-11-30,evap,,11,2006
2006-12-31,evap,,12,2006
2007-01-31,evap,,1,2007
2007-02-28,evap,,2,2007
2007-03-31,evap,,3,2007
2007-04-30,evap,,4,2007
2007-05-31,evap,,5,2007
2007-06-30,evap,,6,2007
2007-07-31,evap,6.210344827586207,7,2007
2007-08-31,evap,6.553333333333333,8,2007
2007-09-30,evap,6.775862068965517,9,2007
2007-10-31,evap,7.016666666666667,10,2007
2007-11-30,evap,6.660714285714286,11,2007
2007-12-31,evap,4.376666666666667,12,2007
2008-01-31,evap,0.6866666666666668,1,2008
2008-02-29,evap,0.6714285714285715,2,2008
2008-03-31,evap,6.866666666666666,3,2008
2008-04-30,evap,6.9655172413793105,4,2008
2008-05-31,evap,,5,2008
2008-06-30,evap,,6,2008
2008-07-31,evap,,7,2008
2008-08-31,evap,,8,2008
2008-09-30,evap,,9,2008
2008-10-31,evap,,10,2008
2008-11-30,evap,,11,2008
2008-12-31,evap,,12,2008
2009-01-31,evap,,1,2009
2009-02-28,evap,,2,2009
2009-03-31,evap,,3,2009
2009-04-30,evap,,4,2009
2009-05-31,evap,,5,2009
2009-06-30,evap,,6,2009
2009-07-31,evap,,7,2009
2009-08-31,evap,,8,2009
2009-09-30,evap,,9,2009
2009-10-31,evap,,10,2009
2009-11-30,evap,,11,2009
2009-12-31,evap,,12,2009
2010-01-31,evap,,1,2010
2010-02-28,evap,,2,2010
2010-03-31,evap,,3,2010
2010-04-30,evap,,4,2010
2010-05-31,evap,10.642857142857142,5,2010
2010-06-30,evap,10.304347826086957,6,2010
2010-07-31,evap,,7,2010
2010-08-31,evap,,8,2010
2010-09-30,evap,,9,2010
2010-10-31,evap,,10,2010
2010-11-30,evap,,11,2010
2010-12-31,evap,,12,2010
2011-01-31,evap,,1,2011
2011-02-28,evap,,2,2011
2011-03-31,evap,,3,2011
2011-04-30,evap,,4,2011
2011-05-31,evap,,5,2011
2011-06-30,evap,,6,2011
2011-07-31,evap,,7,2011
2011-08-31,evap,5.161290322580645,8,2011
2011-09-30,evap,5.3,9,2011
2011-10-31,evap,5.3,10,2011
2011-11-30,evap,,11,2011
2011-12-31,evap,,12,2011
2012-01-31,evap,,1,2012
2012-02-29,evap,,2,2012
2012-03-31,evap,,3,2012
2012-04-30,evap,,4,2012
2012-05-31,evap,,5,2012
2012-06-30,evap,,6,2012
2012-07-31,evap,,7,2012
2012-08-31,evap,6.67741935483871,8,2012
2012-09-30,evap,6.0,9,2012
2012-10-31,evap,6.032258064516129,10,2012
2012-11-30,evap,3.9310344827586206,11,2012
2012-12-31,evap,2.0344827586206895,12,2012
2013-01-31,evap,,1,2013
2013-02-28,evap,3.2,2,2013
2013-03-31,evap,4.612903225806452,3,2013
2013-04-30,evap,5.6,4,2013
2013-05-31,evap,4.077419354838709,5,2013
2013-06-30,evap,1.5,6,2013
2013-07-31,evap,3.9523809523809526,7,2013
2013-08-31,evap,4.7,8,2013
2013-09-30,evap,4.64,9,2013
2013-10-31,evap,5.419354838709677,10,2013
2013-11-30,evap,5.310344827586207,11,2013
2013-12-31,evap,4.354838709677419,12,2013
2014-01-31,evap,4.433333333333334,1,2014
2014-02-28,evap,3.857142857142857,2,2014
2014-03-31,evap,4.625806451612903,3,2014
2014-04-30,evap,,4,2014
2014-05-31,evap,,5,2014
2014-06-30,evap,11.2,6,2014
2014-07-31,evap,7.533333333333333,7,2014
2014-08-31,evap,6.870967741935484,8,2014
2014-09-30,evap,5.766666666666667,9,2014
2014-10-31,evap,,10,2014
2014-11-30,evap,,11,2014
2014-12-31,evap,,12,2014
2015-01-31,evap,,1,2015
2015-02-28,evap,,2,2015
2015-03-31,evap,,3,2015
2015-04-30,evap,,4,2015
2015-05-31,evap,,5,2015
2015-06-30,evap,,6,2015
2015-07-31,evap,,7,2015
2015-08-31,evap,,8,2015
2015-09-30,evap,5.233333333333333,9,2015
2015-10-31,evap,4.290322580645161,10,2015
2015-11-30,evap,3.433333333333333,11,2015
2015-12-31,evap,2.259259259259259,12,2015
2016-01-31,evap,3.1333333333333333,1,2016
2016-02-29,evap,4.428571428571429,2,2016
2016-03-31,evap,6.548387096774194,3,2016
2016-04-30,evap,4.620689655172414,4,2016
1969-01-31,tmax,21.176470588235293,1,1969
1969-02-28,tmax,,2,1969
1969-03-31,tmax,,3,1969
1969-04-30,tmax,29.115384615384617,4,1969
1969-05-31,tmax,,5,1969
1969-06-30,tmax,,6,1969
1969-07-31,tmax,36.51851851851852,7,1969
1969-08-31,tmax,,8,1969
1969-09-30,tmax,,9,1969
1969-10-31,tmax,,10,1969
1969-11-30,tmax,,11,1969
1969-12-31,tmax,,12,1969
1970-01-31,tmax,,1,1970
1970-02-28,tmax,,2,1970
1970-03-31,tmax,,3,1970
1970-04-30,tmax,,4,1970
1970-05-31,tmax,,5,1970
1970-06-30,tmax,,6,1970
1970-07-31,tmax,,7,1970
1970-08-31,tmax,,8,1970
1970-09-30,tmax,,9,1970
1970-10-31,tmax,,10,1970
1970-11-30,tmax,,11,1970
1970-12-31,tmax,,12,1970
1971-01-31,tmax,,1,1971
1971-02-28,tmax,,2,1971
1971-03-31,tmax,,3,1971
1971-04-30,tmax,,4,1971
1971-05-31,tmax,,5,1971
1971-06-30,tmax,,6,1971
1971-07-31,tmax,,7,1971
1971-08-31,tmax,,8,1971
1971-09-30,tmax,,9,1971
1971-10-31,tmax,,10,1971
1971-11-30,tmax,,11,1971
1971-12-31,tmax,,12,1971
1972-01-31,tmax,,1,1972
1972-02-29,tmax,,2,1972
1972-03-31,tmax,,3,1972
1972-04-30,tmax,,4,1972
1972-05-31,tmax,,5,1972
1972-06-30,tmax,,6,1972
1972-07-31,tmax,,7,1972
1972-08-31,tmax,,8,1972
1972-09-30,tmax,,9,1972
1972-10-31,tmax,,10,1972
1972-11-30,tmax,,11,1972
1972-12-31,tmax,,12,1972
1973-01-31,tmax,,1,1973
1973-02-28,tmax,,2,1973
1973-03-31,tmax,,3,1973
1973-04-30,tmax,,4,1973
1973-05-31,tmax,,5,1973
1973-06-30,tmax,,6,1973
1973-07-31,tmax,,7,1973
1973-08-31,tmax,,8,1973
1973-09-30,tmax,,9,1973
1973-10-31,tmax,,10,1973
1973-11-30,tmax,,11,1973
1973-12-31,tmax,,12,1973
1974-01-31,tmax,27.384615384615383,1,1974
1974-02-28,tmax,29.869565217391305,2,1974
1974-03-31,tmax,30.56,3,1974
1974-04-30,tmax,30.192307692307693,4,1974
1974-05-31,tmax,31.615384615384617,5,1974
1974-06-30,tmax,35.4,6,1974
1974-07-31,tmax,34.370370370370374,7,1974
1974-08-31,tmax,34.0,8,1974
1974-09-30,tmax,34.166666666666664,9,1974
1974-10-31,tmax,30.62962962962963,10,1974
1974-11-30,tmax,26.208333333333332,11,1974
1974-12-31,tmax,24.88,12,1974
1975-01-31,tmax,24.692307692307693,1,1975
1975-02-28,tmax,25.91304347826087,2,1975
1975-03-31,tmax,26.84,3,1975
1975-04-30,tmax,27.307692307692307,4,1975
1975-05-31,tmax,31.48,5,1975
1975-06-30,tmax,35.28,6,1975
1975-07-31,tmax,35.55555555555556,7,1975
1975-08-31,tmax,35.38461538461539,8,1975
1975-09-30,tmax,34.0,9,1975
1975-10-31,tmax,31.25925925925926,10,1975
1975-11-30,tmax,30.26086956521739,11,1975
1975-12-31,tmax,27.307692307692307,12,1975
1976-01-31,tmax,26.26923076923077,1,1976
1976-02-29,tmax,25.217391304347824,2,1976
1976-03-31,tmax,27.51851851851852,3,1976
1976-04-30,tmax,31.615384615384617,4,1976
1976-05-31,tmax,35.791666666666664,5,1976
1976-06-30,tmax,35.0,6,1976
1976-07-31,tmax,34.48148148148148,7,1976
1976-08-31,tmax,34.96153846153846,8,1976
1976-09-30,tmax,33.44,9,1976
1976-10-31,tmax,29.807692307692307,10,1976
1976-11-30,tmax,,11,1976
1976-12-31,tmax,25.24,12,1976
1977-01-31,tmax,26.16,1,1977
1977-02-28,tmax,28.318181818181817,2,1977
1977-03-31,tmax,28.615384615384617,3,1977
1977-04-30,tmax,32.34615384615385,4,1977
1977-05-31,tmax,34.76,5,1977
1977-06-30,tmax,35.19230769230769,6,1977
1977-07-31,tmax,34.92307692307692,7,1977
1977-08-31,tmax,35.111111111111114,8,1977
1977-09-30,tmax,34.72,9,1977
1977-10-31,tmax,33.5,10,1977
1977-11-30,tmax,30.12,11,1977
1977-12-31,tmax,26.22222222222222,12,1977
1978-01-31,tmax,23.26923076923077,1,1978
1978-02-28,tmax,21.73913043478261,2,1978
1978-03-31,tmax,23.96153846153846,3,1978
1978-04-30,tmax,28.48,4,1978
1978-05-31,tmax,33.72,5,1978
1978-06-30,tmax,35.30769230769231,6,1978
1978-07-31,tmax,33.57692307692308,7,1978
1978-08-31,tmax,32.74074074074074,8,1978
1978-09-30,tmax,32.8,9,1978
1978-10-31,tmax,28.384615384615383,10,1978
1978-11-30,tmax,26.875,11,1978
1978-12-31,tmax,24.92,12,1978
1979-01-31,tmax,,1,1979
1979-02-28,tmax,,2,1979
1979-03-31,tmax,,3,1979
1979-04-30,tmax,,4,1979
1979-05-31,tmax,,5,1979
1979-06-30,tmax,,6,1979
1979-07-31,tmax,,7,1979
1979-08-31,tmax,,8,1979
1979-09-30,tmax,,9,1979
1979-10-31,tmax,,10,1979
1979-11-30,tmax,,11,1979
1979-12-31,tmax,,12,1979
1980-01-31,tmax,,1,1980
1980-02-29,tmax,,2,1980
1980-03-31,tmax,,3,1980
1980-04-30,tmax,,4,1980
1980-05-31,tmax,,5,1980
1980-06-30,tmax,,6,1980
1980-07-31,tmax,,7,1980
1980-08-31,tmax,,8,1980
1980-09-30,tmax,,9,1980
1980-10-31,tmax,23.48,10,1980
1980-11-30,tmax,21.304347826086957,11,1980
1980-12-31,tmax,17.75,12,1980
1981-01-31,tmax,16.766666666666666,1,1981
1981-02-28,tmax,17.857142857142858,2,1981
1981-03-31,tmax,17.29310344827586,3,1981
1981-04-30,tmax,23.103448275862068,4,1981
1981-05-31,tmax,25.193548387096776,5,1981
1981-06-30,tmax,32.51851851851852,6,1981
1981-07-31,tmax,34.064516129032256,7,1981
1981-08-31,tmax,34.142857142857146,8,1981
1981-09-30,tmax,31.166666666666668,9,1981
1981-10-31,tmax,23.413793103448278,10,1981
1981-11-30,tmax,22.333333333333332,11,1981
1981-12-31,tmax,20.103448275862068,12,1981
1982-01-31,tmax,16.806451612903224,1,1982
1982-02-28,tmax,21.041666666666668,2,1982
1982-03-31,tmax,23.612903225806452,3,1982
1982-04-30,tmax,24.03448275862069,4,1982
1982-05-31,tmax,27.06896551724138,5,1982
1982-06-30,tmax,33.15,6,1982
1982-07-31,tmax,33.0,7,1982
1982-08-31,tmax,32.285714285714285,8,1982
1982-09-30,tmax,30.444444444444443,9,1982
1982-10-31,tmax,27.35,10,1982
1982-11-30,tmax,20.681818181818183,11,1982
1982-12-31,tmax,16.82608695652174,12,1982
1983-01-31,tmax,18.043478260869566,1,1983
1983-02-28,tmax,17.36,2,1983
1983-03-31,tmax,,3,1983
1983-04-30,tmax,,4,1983
1983-05-31,tmax,,5,1983
1983-06-30,tmax,,6,1983
1983-07-31,tmax,,7,1983
1983-08-31,tmax,,8,1983
1983-09-30,tmax,,9,1983
1983-10-31,tmax,,10,1983
1983-11-30,tmax,,11,1983
1983-12-31,tmax,,12,1983
1984-01-31,tmax,,1,1984
1984-02-29,tmax,,2,1984
1984-03-31,tmax,,3,1984
1984-04-30,tmax,25.7,4,1984
1984-05-31,tmax,31.193548387096776,5,1984
1984-06-30,tmax,29.833333333333332,6,1984
1984-07-31,tmax,29.70967741935484,7,1984
1984-08-31,tmax,29.516129032258064,8,1984
1984-09-30,tmax,29.433333333333334,9,1984
1984-10-31,tmax,21.93548387096774,10,1984
1984-11-30,tmax,,11,1984
1984-12-31,tmax,14.64516129032258,12,1984
1985-01-31,tmax,13.161290322580646,1,1985
1985-02-28,tmax,16.142857142857142,2,1985
1985-03-31,tmax,19.29032258064516,3,1985
1985-04-30,tmax,24.333333333333332,4,1985
1985-05-31,tmax,27.483870967741936,5,1985
1985-06-30,tmax,31.4,6,1985
1985-07-31,tmax,32.064516129032256,7,1985
1985-08-31,tmax,32.38709677419355,8,1985
1985-09-30,tmax,27.933333333333334,9,1985
1985-10-31,tmax,23.193548387096776,10,1985
1985-11-30,tmax,18.466666666666665,11,1985
1985-12-31,tmax,18.35483870967742,12,1985
1986-01-31,tmax,18.821428571428573,1,1986
1986-02-28,tmax,,2,1986
1986-03-31,tmax,20.06451612903226,3,1986
1986-04-30,tmax,23.615384615384617,4,1986
1986-05-31,tmax,28.225806451612904,5,1986
1986-06-30,tmax,32.63636363636363,6,1986
1986-07-31,tmax,,7,1986
1986-08-31,tmax,,8,1986
1986-09-30,tmax,,9,1986
1986-10-31,tmax,,10,1986
1986-11-30,tmax,,11,1986
1986-12-31,tmax,,12,1986
1987-01-31,tmax,,1,1987
1987-02-28,tmax,,2,1987
1987-03-31,tmax,,3,1987
1987-04-30,tmax,,4,1987
1987-05-31,tmax,,5,1987
1987-06-30,tmax,,6,1987
1987-07-31,tmax,,7,1987
1987-08-31,tmax,,8,1987
1987-09-30,tmax,,9,1987
1987-10-31,tmax,,10,1987
1987-11-30,tmax,20.074074074074073,11,1987
1987-12-31,tmax,15.96774193548387,12,1987
1988-01-31,tmax,,1,1988
1988-02-29,tmax,18.810344827586206,2,1988
1988-03-31,tmax,20.225806451612904,3,1988
1988-04-30,tmax,20.566666666666666,4,1988
1988-05-31,tmax,28.580645161290324,5,1988
1988-06-30,tmax,34.266666666666666,6,1988
1988-07-31,tmax,32.483870967741936,7,1988
1988-08-31,tmax,30.419354838709676,8,1988
1988-09-30,tmax,28.266666666666666,9,1988
1988-10-31,tmax,26.838709677419356,10,1988
1988-11-30,tmax,19.166666666666668,11,1988
1988-12-31,tmax,15.129032258064516,12,1988
1989-01-31,tmax,14.709677419354838,1,1989
1989-02-28,tmax,19.821428571428573,2,1989
1989-03-31,tmax,26.580645161290324,3,1989
1989-04-30,tmax,27.733333333333334,4,1989
1989-05-31,tmax,30.096774193548388,5,1989
1989-06-30,tmax,,6,1989
1989-07-31,tmax,,7,1989
1989-08-31,tmax,,8,1989
1989-09-30,tmax,,9,1989
1989-10-31,tmax,,10,1989
1989-11-30,tmax,,11,1989
1989-12-31,tmax,,12,1989
1990-01-31,tmax,,1,1990
1990-02-28,tmax,,2,1990
1990-03-31,tmax,,3,1990
1990-04-30,tmax,,4,1990
1990-05-31,tmax,,5,1990
1990-06-30,tmax,,6,1990
1990-07-31,tmax,,7,1990
1990-08-31,tmax,,8,1990
1990-09-30,tmax,,9,1990
1990-10-31,tmax,,10,1990
1990-11-30,tmax,,11,1990
1990-12-31,tmax,,12,1990
1991-01-31,tmax,,1,1991
1991-02-28,tmax,,2,1991
1991-03-31,tmax,,3,1991
1991-04-30,tmax,,4,1991
1991-05-31,tmax,,5,1991
1991-06-30,tmax,,6,1991
1991-07-31,tmax,,7,1991
1991-08-31,tmax,36.74193548387097,8,1991
1991-09-30,tmax,35.13333333333333,9,1991
1991-10-31,tmax,34.25806451612903,10,1991
1991-11-30,tmax,,11,1991
1991-12-31,tmax,,12,1991
1992-01-31,tmax,19.548387096774192,1,1992
1992-02-29,tmax,23.413793103448278,2,1992
1992-03-31,tmax,24.321428571428573,3,1992
1992-04-30,tmax,30.8,4,1992
1992-05-31,tmax,32.74193548387097,5,1992
1992-06-30,tmax,38.86666666666667,6,1992
1992-07-31,tmax,38.25806451612903,7,1992
1992-08-31,tmax,36.1,8,1992
1992-09-30,tmax,37.3,9,1992
1992-10-31,tmax,33.96774193548387,10,1992
1992-11-30,tmax,24.133333333333333,11,1992
1992-12-31,tmax,22.870967741935484,12,1992
1993-01-31,tmax,,1,1993
1993-02-28,tmax,,2,1993
1993-03-31,tmax,,3,1993
1993-04-30,tmax,,4,1993
1993-05-31,tmax,,5,1993
1993-06-30,tmax,,6,1993
1993-07-31,tmax,,7,1993
1993-08-31,tmax,,8,1993
1993-09-30,tmax,,9,1993
1993-10-31,tmax,,10,1993
1993-11-30,tmax,,11,1993
1993-12-31,tmax,,12,1993
1994-01-31,tmax,,1,1994
1994-02-28,tmax,,2,1994
1994-03-31,tmax,,3,1994
1994-04-30,tmax,,4,1994
1994-05-31,tmax,,5,1994
1994-06-30,tmax,41.43333333333333,6,1994
1994-07-31,tmax,40.645161290322584,7,1994
1994-08-31,tmax,39.61290322580645,8,1994
1994-09-30,tmax,36.6,9,1994
1994-10-31,tmax,30.677419354838708,10,1994
1994-11-30,tmax,,11,1994
1994-12-31,tmax,,12,1994
1995-01-31,tmax,,1,1995
1995-02-28,tmax,,2,1995
1995-03-31,tmax,,3,1995
1995-04-30,tmax,,4,1995
1995-05-31,tmax,,5,1995
1995-06-30,tmax,,6,1995
1995-07-31,tmax,,7,1995
1995-08-31,tmax,,8,1995
1995-09-30,tmax,,9,1995
1995-10-31,tmax,,10,1995
1995-11-30,tmax,,11,1995
1995-12-31,tmax,,12,1995
1996-01-31,tmax,,1,1996
1996-02-29,tmax,,2,1996
1996-03-31,tmax,,3,1996
1996-04-30,tmax,,4,1996
1996-05-31,tmax,34.12903225806452,5,1996
1996-06-30,tmax,34.06666666666667,6,1996
1996-07-31,tmax,33.354838709677416,7,1996
1996-08-31,tmax,32.83870967741935,8,1996
1996-09-30,tmax,26.6,9,1996
1996-10-31,tmax,24.35483870967742,10,1996
1996-11-30,tmax,28.033333333333335,11,1996
1996-12-31,tmax,27.387096774193548,12,1996
1997-01-31,tmax,,1,1997
1997-02-28,tmax,,2,1997
1997-03-31,tmax,,3,1997
1997-04-30,tmax,25.166666666666668,4,1997
1997-05-31,tmax,31.129032258064516,5,1997
1997-06-30,tmax,,6,1997
1997-07-31,tmax,,7,1997
1997-08-31,tmax,,8,1997
1997-09-30,tmax,,9,1997
1997-10-31,tmax,,10,1997
1997-11-30,tmax,,11,1997
1997-12-31,tmax,,12,1997
1998-01-31,tmax,,1,1998
1998-02-28,tmax,,2,1998
1998-03-31,tmax,,3,1998
1998-04-30,tmax,,4,1998
1998-05-31,tmax,,5,1998
1998-06-30,tmax,,6,1998
1998-07-31,tmax,,7,1998
1998-08-31,tmax,,8,1998
1998-09-30,tmax,,9,1998
1998-10-31,tmax,,10,1998
1998-11-30,tmax,,11,1998
1998-12-31,tmax,,12,1998
1999-01-31,tmax,,1,1999
1999-02-28,tmax,,2,1999
1999-03-31,tmax,,3,1999
1999-04-30,tmax,,4,1999
1999-05-31,tmax,,5,1999
1999-06-30,tmax,,6,1999
1999-07-31,tmax,,7,1999
1999-08-31,tmax,,8,1999
1999-09-30,tmax,,9,1999
1999-10-31,tmax,,10,1999
1999-11-30,tmax,,11,1999
1999-12-31,tmax,,12,1999
2000-01-31,tmax,,1,2000
2000-02-29,tmax,,2,2000
2000-03-31,tmax,,3,2000
2000-04-30,tmax,27.366666666666667,4,2000
2000-05-31,tmax,32.45161290322581,5,2000
2000-06-30,tmax,32.8,6,2000
2000-07-31,tmax,,7,2000
2000-08-31,tmax,,8,2000
2000-09-30,tmax,,9,2000
2000-10-31,tmax,,10,2000
2000-11-30,tmax,,11,2000
2000-12-31,tmax,,12,2000
2001-01-31,tmax,,1,2001
2001-02-28,tmax,,2,2001
2001-03-31,tmax,,3,2001
2001-04-30,tmax,,4,2001
2001-05-31,tmax,,5,2001
2001-06-30,tmax,,6,2001
2001-07-31,tmax,,7,2001
2001-08-31,tmax,,8,2001
2001-09-30,tmax,,9,2001
2001-10-31,tmax,,10,2001
2001-11-30,tmax,,11,2001
2001-12-31,tmax,,12,2001
2002-01-31,tmax,,1,2002
2002-02-28,tmax,,2,2002
2002-03-31,tmax,,3,2002
2002-04-30,tmax,,4,2002
2002-05-31,tmax,,5,2002
2002-06-30,tmax,33.833333333333336,6,2002
2002-07-31,tmax,,7,2002
2002-08-31,tmax,,8,2002
2002-09-30,tmax,,9,2002
2002-10-31,tmax,,10,2002
2002-11-30,tmax,22.333333333333332,11,2002
2002-12-31,tmax,16.466666666666665,12,2002
2003-01-31,tmax,,1,2003
2003-02-28,tmax,,2,2003
2003-03-31,tmax,,3,2003
2003-04-30,tmax,,4,2003
2003-05-31,tmax,,5,2003
2003-06-30,tmax,,6,2003
2003-07-31,tmax,34.12903225806452,7,2003
2003-08-31,tmax,33.2,8,2003
2003-09-30,tmax,32.46666666666667,9,2003
2003-10-31,tmax,29.066666666666666,10,2003
2003-11-30,tmax,21.866666666666667,11,2003
2003-12-31,tmax,20.466666666666665,12,2003
2004-01-31,tmax,17.419354838709676,1,2004
2004-02-29,tmax,16.0,2,2004
2004-03-31,tmax,24.366666666666667,3,2004
2004-04-30,tmax,20.266666666666666,4,2004
2004-05-31,tmax,31.096774193548388,5,2004
2004-06-30,tmax,34.62068965517241,6,2004
2004-07-31,tmax,31.93548387096774,7,2004
2004-08-31,tmax,32.0,8,2004
2004-09-30,tmax,34.666666666666664,9,2004
2004-10-31,tmax,,10,2004
2004-11-30,tmax,25.296296296296298,11,2004
2004-12-31,tmax,23.5,12,2004
2005-01-31,tmax,19.24137931034483,1,2005
2005-02-28,tmax,,2,2005
2005-03-31,tmax,,3,2005
2005-04-30,tmax,,4,2005
2005-05-31,tmax,,5,2005
2005-06-30,tmax,,6,2005
2005-07-31,tmax,,7,2005
2005-08-31,tmax,,8,2005
2005-09-30,tmax,,9,2005
2005-10-31,tmax,29.35483870967742,10,2005
2005-11-30,tmax,23.03448275862069,11,2005
2005-12-31,tmax,19.483870967741936,12,2005
2006-01-31,tmax,20.70967741935484,1,2006
2006-02-28,tmax,,2,2006
2006-03-31,tmax,,3,2006
2006-04-30,tmax,,4,2006
2006-05-31,tmax,,5,2006
2006-06-30,tmax,34.10344827586207,6,2006
2006-07-31,tmax,,7,2006
2006-08-31,tmax,,8,2006
2006-09-30,tmax,34.63333333333333,9,2006
2006-10-31,tmax,30.70967741935484,10,2006
2006-11-30,tmax,27.1,11,2006
2006-12-31,tmax,19.967741935483872,12,2006
2007-01-31,tmax,10.548387096774194,1,2007
2007-02-28,tmax,23.107142857142858,2,2007
2007-03-31,tmax,25.677419354838708,3,2007
2007-04-30,tmax,25.533333333333335,4,2007
2007-05-31,tmax,30.516129032258064,5,2007
2007-06-30,tmax,34.266666666666666,6,2007
2007-07-31,tmax,34.0,7,2007
2007-08-31,tmax,31.806451612903224,8,2007
2007-09-30,tmax,30.433333333333334,9,2007
2007-10-31,tmax,26.483870967741936,10,2007
2007-11-30,tmax,23.344827586206897,11,2007
2007-12-31,tmax,10.225806451612904,12,2007
2008-01-31,tmax,6.548387096774194,1,2008
2008-02-29,tmax,19.06896551724138,2,2008
2008-03-31,tmax,24.677419354838708,3,2008
2008-04-30,tmax,,4,2008
2008-05-31,tmax,,5,2008
2008-06-30,tmax,,6,2008
2008-07-31,tmax,,7,2008
2008-08-31,tmax,,8,2008
2008-09-30,tmax,,9,2008
2008-10-31,tmax,,10,2008
2008-11-30,tmax,,11,2008
2008-12-31,tmax,,12,2008
2009-01-31,tmax,,1,2009
2009-02-28,tmax,,2,2009
2009-03-31,tmax,,3,2009
2009-04-30,tmax,,4,2009
2009-05-31,tmax,,5,2009
2009-06-30,tmax,,6,2009
2009-07-31,tmax,,7,2009
2009-08-31,tmax,,8,2009
2009-09-30,tmax,,9,2009
2009-10-31,tmax,,10,2009
2009-11-30,tmax,,11,2009
2009-12-31,tmax,,12,2009
2010-01-31,tmax,,1,2010
2010-02-28,tmax,,2,2010
2010-03-31,tmax,,3,2010
2010-04-30,tmax,,4,2010
2010-05-31,tmax,29.0,5,2010
2010-06-30,tmax,34.56666666666667,6,2010
2010-07-31,tmax,33.56666666666667,7,2010
2010-08-31,tmax,32.16129032258065,8,2010
2010-09-30,tmax,30.866666666666667,9,2010
2010-10-31,tmax,26.35483870967742,10,2010
2010-11-30,tmax,,11,2010
2010-12-31,tmax,,12,2010
2011-01-31,tmax,,1,2011
2011-02-28,tmax,,2,2011
2011-03-31,tmax,,3,2011
2011-04-30,tmax,,4,2011
2011-05-31,tmax,,5,2011
2011-06-30,tmax,,6,2011
2011-07-31,tmax,,7,2011
2011-08-31,tmax,33.58064516129032,8,2011
2011-09-30,tmax,32.63333333333333,9,2011
2011-10-31,tmax,29.4,10,2011
2011-11-30,tmax,19.466666666666665,11,2011
2011-12-31,tmax,13.741935483870968,12,2011
2012-01-31,tmax,19.0,1,2012
2012-02-29,tmax,17.20689655172414,2,2012
2012-03-31,tmax,19.322580645161292,3,2012
2012-04-30,tmax,26.6,4,2012
2012-05-31,tmax,31.533333333333335,5,2012
2012-06-30,tmax,36.46666666666667,6,2012
2012-07-31,tmax,31.620689655172413,7,2012
2012-08-31,tmax,33.41935483870968,8,2012
2012-09-30,tmax,30.482758620689655,9,2012
2012-10-31,tmax,29.129032258064516,10,2012
2012-11-30,tmax,22.7,11,2012
2012-12-31,tmax,15.6,12,2012
2013-01-31,tmax,14.741935483870968,1,2013
2013-02-28,tmax,15.964285714285714,2,2013
2013-03-31,tmax,23.193548387096776,3,2013
2013-04-30,tmax,26.066666666666666,4,2013
2013-05-31,tmax,29.70967741935484,5,2013
2013-06-30,tmax,37.63333333333333,6,2013
2013-07-31,tmax,32.516129032258064,7,2013
2013-08-31,tmax,33.1,8,2013
2013-09-30,tmax,31.4,9,2013
2013-10-31,tmax,26.451612903225808,10,2013
2013-11-30,tmax,21.433333333333334,11,2013
2013-12-31,tmax,15.741935483870968,12,2013
2014-01-31,tmax,20.70967741935484,1,2014
2014-02-28,tmax,22.142857142857142,2,2014
2014-03-31,tmax,23.419354838709676,3,2014
2014-04-30,tmax,,4,2014
2014-05-31,tmax,,5,2014
2014-06-30,tmax,37.3,6,2014
2014-07-31,tmax,33.064516129032256,7,2014
2014-08-31,tmax,30.838709677419356,8,2014
2014-09-30,tmax,29.533333333333335,9,2014
2014-10-31,tmax,28.35483870967742,10,2014
2014-11-30,tmax,19.933333333333334,11,2014
2014-12-31,tmax,16.06451612903226,12,2014
2015-01-31,tmax,17.733333333333334,1,2015
2015-02-28,tmax,19.607142857142858,2,2015
2015-03-31,tmax,22.096774193548388,3,2015
2015-04-30,tmax,22.8,4,2015
2015-05-31,tmax,27.964285714285715,5,2015
2015-06-30,tmax,35.4,6,2015
2015-07-31,tmax,31.93548387096774,7,2015
2015-08-31,tmax,33.58064516129032,8,2015
2015-09-30,tmax,30.966666666666665,9,2015
2015-10-31,tmax,27.193548387096776,10,2015
2015-11-30,tmax,22.2,11,2015
2015-12-31,tmax,16.70967741935484,12,2015
2016-01-31,tmax,16.741935483870968,1,2016
2016-02-29,tmax,22.310344827586206,2,2016
2016-03-31,tmax,24.586206896551722,3,2016
2016-04-30,tmax,26.066666666666666,4,2016
1969-01-31,tmin,3.3076923076923075,1,1969
1969-02-28,tmin,,2,1969
1969-03-31,tmin,,3,1969
1969-04-30,tmin,12.26923076923077,4,1969
1969-05-31,tmin,,5,1969
1969-06-30,tmin,,6,1969
1969-07-31,tmin,13.037037037037036,7,1969
1969-08-31,tmin,,8,1969
1969-09-30,tmin,,9,1969
1969-10-31,tmin,,10,1969
1969-11-30,tmin,,11,1969
1969-12-31,tmin,,12,1969
1970-01-31,tmin,,1,1970
1970-02-28,tmin,,2,1970
1970-03-31,tmin,,3,1970
1970-04-30,tmin,,4,1970
1970-05-31,tmin,,5,1970
1970-06-30,tmin,,6,1970
1970-07-31,tmin,,7,1970
1970-08-31,tmin,,8,1970
1970-09-30,tmin,,9,1970
1970-10-31,tmin,,10,1970
1970-11-30,tmin,,11,1970
1970-12-31,tmin,,12,1970
1971-01-31,tmin,,1,1971
1971-02-28,tmin,,2,1971
1971-03-31,tmin,,3,1971
1971-04-30,tmin,,4,1971
1971-05-31,tmin,,5,1971
1971-06-30,tmin,,6,1971
1971-07-31,tmin,,7,1971
1971-08-31,tmin,,8,1971
1971-09-30,tmin,,9,1971
1971-10-31,tmin,,10,1971
1971-11-30,tmin,,11,1971
1971-12-31,tmin,,12,1971
1972-01-31,tmin,,1,1972
1972-02-29,tmin,,2,1972
1972-03-31,tmin,,3,1972
1972-04-30,tmin,,4,1972
1972-05-31,tmin,,5,1972
1972-06-30,tmin,,6,1972
1972-07-31,tmin,,7,1972
1972-08-31,tmin,,8,1972
1972-09-30,tmin,,9,1972
1972-10-31,tmin,,10,1972
1972-11-30,tmin,,11,1972
1972-12-31,tmin,,12,1972
1973-01-31,tmin,,1,1973
1973-02-28,tmin,,2,1973
1973-03-31,tmin,,3,1973
1973-04-30,tmin,,4,1973
1973-05-31,tmin,,5,1973
1973-06-30,tmin,,6,1973
1973-07-31,tmin,,7,1973
1973-08-31,tmin,,8,1973
1973-09-30,tmin,,9,1973
1973-10-31,tmin,,10,1973
1973-11-30,tmin,,11,1973
1973-12-31,tmin,,12,1973
1974-01-31,tmin,2.269230769230769,1,1974
1974-02-28,tmin,4.826086956521739,2,1974
1974-03-31,tmin,4.36,3,1974
1974-04-30,tmin,6.076923076923077,4,1974
1974-05-31,tmin,10.307692307692308,5,1974
1974-06-30,tmin,12.56,6,1974
1974-07-31,tmin,14.148148148148149,7,1974
1974-08-31,tmin,14.148148148148149,8,1974
1974-09-30,tmin,13.625,9,1974
1974-10-31,tmin,10.148148148148149,10,1974
1974-11-30,tmin,3.5,11,1974
1974-12-31,tmin,0.68,12,1974
1975-01-31,tmin,2.769230769230769,1,1975
1975-02-28,tmin,2.3043478260869565,2,1975
1975-03-31,tmin,3.92,3,1975
1975-04-30,tmin,4.461538461538462,4,1975
1975-05-31,tmin,5.76,5,1975
1975-06-30,tmin,8.6,6,1975
1975-07-31,tmin,12.481481481481481,7,1975
1975-08-31,tmin,14.346153846153847,8,1975
1975-09-30,tmin,13.68,9,1975
1975-10-31,tmin,11.592592592592593,10,1975
1975-11-30,tmin,9.91304347826087,11,1975
1975-12-31,tmin,3.6538461538461537,12,1975
1976-01-31,tmin,1.9230769230769231,1,1976
1976-02-29,tmin,3.1739130434782608,2,1976
1976-03-31,tmin,3.6296296296296298,3,1976
1976-04-30,tmin,5.884615384615385,4,1976
1976-05-31,tmin,10.833333333333334,5,1976
1976-06-30,tmin,12.461538461538462,6,1976
1976-07-31,tmin,13.555555555555555,7,1976
1976-08-31,tmin,13.73076923076923,8,1976
1976-09-30,tmin,12.8,9,1976
1976-10-31,tmin,10.23076923076923,10,1976
1976-11-30,tmin,,11,1976
1976-12-31,tmin,2.36,12,1976
1977-01-31,tmin,3.68,1,1977
1977-02-28,tmin,5.2727272727272725,2,1977
1977-03-31,tmin,4.269230769230769,3,1977
1977-04-30,tmin,6.653846153846154,4,1977
1977-05-31,tmin,10.4,5,1977
1977-06-30,tmin,12.73076923076923,6,1977
1977-07-31,tmin,13.0,7,1977
1977-08-31,tmin,14.11111111111111,8,1977
1977-09-30,tmin,14.28,9,1977
1977-10-31,tmin,13.153846153846153,10,1977
1977-11-30,tmin,9.52,11,1977
1977-12-31,tmin,7.074074074074074,12,1977
1978-01-31,tmin,3.1153846153846154,1,1978
1978-02-28,tmin,2.869565217391304,2,1978
1978-03-31,tmin,4.846153846153846,3,1978
1978-04-30,tmin,5.68,4,1978
1978-05-31,tmin,7.44,5,1978
1978-06-30,tmin,12.576923076923077,6,1978
1978-07-31,tmin,14.038461538461538,7,1978
1978-08-31,tmin,13.148148148148149,8,1978
1978-09-30,tmin,13.24,9,1978
1978-10-31,tmin,9.538461538461538,10,1978
1978-11-30,tmin,5.416666666666667,11,1978
1978-12-31,tmin,1.12,12,1978
1979-01-31,tmin,,1,1979
1979-02-28,tmin,,2,1979
1979-03-31,tmin,,3,1979
1979-04-30,tmin,,4,1979
1979-05-31,tmin,,5,1979
1979-06-30,tmin,,6,1979
1979-07-31,tmin,,7,1979
1979-08-31,tmin,,8,1979
1979-09-30,tmin,,9,1979
1979-10-31,tmin,,10,1979
1979-11-30,tmin,,11,1979
1979-12-31,tmin,,12,1979
1980-01-31,tmin,,1,1980
1980-02-29,tmin,,2,1980
1980-03-31,tmin,,3,1980
1980-04-30,tmin,,4,1980
1980-05-31,tmin,,5,1980
1980-06-30,tmin,,6,1980
1980-07-31,tmin,,7,1980
1980-08-31,tmin,,8,1980
1980-09-30,tmin,,9,1980
1980-10-31,tmin,7.041666666666667,10,1980
1980-11-30,tmin,3.0434782608695654,11,1980
1980-12-31,tmin,1.0714285714285714,12,1980
1981-01-31,tmin,1.4,1,1981
1981-02-28,tmin,1.0,2,1981
1981-03-31,tmin,2.206896551724138,3,1981
1981-04-30,tmin,7.827586206896552,4,1981
1981-05-31,tmin,11.774193548387096,5,1981
1981-06-30,tmin,17.48148148148148,6,1981
1981-07-31,tmin,20.032258064516128,7,1981
1981-08-31,tmin,18.75,8,1981
1981-09-30,tmin,13.833333333333334,9,1981
1981-10-31,tmin,8.689655172413794,10,1981
1981-11-30,tmin,1.4666666666666666,11,1981
1981-12-31,tmin,-3.1724137931034484,12,1981
1982-01-31,tmin,-1.6774193548387097,1,1982
1982-02-28,tmin,1.6666666666666667,2,1982
1982-03-31,tmin,2.967741935483871,3,1982
1982-04-30,tmin,3.9642857142857144,4,1982
1982-05-31,tmin,6.482758620689655,5,1982
1982-06-30,tmin,7.8,6,1982
1982-07-31,tmin,14.157894736842104,7,1982
1982-08-31,tmin,15.571428571428571,8,1982
1982-09-30,tmin,13.166666666666666,9,1982
1982-10-31,tmin,0.9,10,1982
1982-11-30,tmin,0.6521739130434783,11,1982
1982-12-31,tmin,-2.2083333333333335,12,1982
1983-01-31,tmin,-3.391304347826087,1,1983
1983-02-28,tmin,-1.64,2,1983
1983-03-31,tmin,,3,1983
1983-04-30,tmin,,4,1983
1983-05-31,tmin,,5,1983
1983-06-30,tmin,,6,1983
1983-07-31,tmin,,7,1983
1983-08-31,tmin,,8,1983
1983-09-30,tmin,,9,1983
1983-10-31,tmin,,10,1983
1983-11-30,tmin,,11,1983
1983-12-31,tmin,,12,1983
1984-01-31,tmin,,1,1984
1984-02-29,tmin,,2,1984
1984-03-31,tmin,,3,1984
1984-04-30,tmin,11.1,4,1984
1984-05-31,tmin,12.129032258064516,5,1984
1984-06-30,tmin,12.266666666666667,6,1984
1984-07-31,tmin,16.096774193548388,7,1984
1984-08-31,tmin,16.258064516129032,8,1984
1984-09-30,tmin,12.866666666666667,9,1984
1984-10-31,tmin,7.935483870967742,10,1984
1984-11-30,tmin,,11,1984
1984-12-31,tmin,1.1935483870967742,12,1984
1985-01-31,tmin,0.6129032258064516,1,1985
1985-02-28,tmin,-0.32142857142857145,2,1985
1985-03-31,tmin,2.2580645161290325,3,1985
1985-04-30,tmin,4.533333333333333,4,1985
1985-05-31,tmin,7.419354838709677,5,1985
1985-06-30,tmin,10.233333333333333,6,1985
1985-07-31,tmin,15.096774193548388,7,1985
1985-08-31,tmin,14.870967741935484,8,1985
1985-09-30,tmin,11.0,9,1985
1985-10-31,tmin,7.419354838709677,10,1985
1985-11-30,tmin,0.8666666666666667,11,1985
1985-12-31,tmin,-0.5161290322580645,12,1985
1986-01-31,tmin,-0.5357142857142857,1,1986
1986-02-28,tmin,,2,1986
1986-03-31,tmin,3.096774193548387,3,1986
1986-04-30,tmin,3.5,4,1986
1986-05-31,tmin,7.354838709677419,5,1986
1986-06-30,tmin,11.909090909090908,6,1986
1986-07-31,tmin,,7,1986
1986-08-31,tmin,,8,1986
1986-09-30,tmin,,9,1986
1986-10-31,tmin,,10,1986
1986-11-30,tmin,,11,1986
1986-12-31,tmin,,12,1986
1987-01-31,tmin,,1,1987
1987-02-28,tmin,,2,1987
1987-03-31,tmin,,3,1987
1987-04-30,tmin,,4,1987
1987-05-31,tmin,,5,1987
1987-06-30,tmin,,6,1987
1987-07-31,tmin,,7,1987
1987-08-31,tmin,,8,1987
1987-09-30,tmin,,9,1987
1987-10-31,tmin,,10,1987
1987-11-30,tmin,4.846153846153846,11,1987
1987-12-31,tmin,1.5161290322580645,12,1987
1988-01-31,tmin,,1,1988
1988-02-29,tmin,0.8620689655172413,2,1988
1988-03-31,tmin,0.8709677419354839,3,1988
1988-04-30,tmin,4.6,4,1988
1988-05-31,tmin,9.0,5,1988
1988-06-30,tmin,12.5,6,1988
1988-07-31,tmin,16.419354838709676,7,1988
1988-08-31,tmin,17.70967741935484,8,1988
1988-09-30,tmin,14.333333333333334,9,1988
1988-10-31,tmin,11.258064516129032,10,1988
1988-11-30,tmin,5.1,11,1988
1988-12-31,tmin,1.6129032258064515,12,1988
1989-01-31,tmin,1.2903225806451613,1,1989
1989-02-28,tmin,4.428571428571429,2,1989
1989-03-31,tmin,6.064516129032258,3,1989
1989-04-30,tmin,11.033333333333333,4,1989
1989-05-31,tmin,13.419354838709678,5,1989
1989-06-30,tmin,,6,1989
1989-07-31,tmin,,7,1989
1989-08-31,tmin,,8,1989
1989-09-30,tmin,,9,1989
1989-10-31,tmin,,10,1989
1989-11-30,tmin,,11,1989
1989-12-31,tmin,,12,1989
1990-01-31,tmin,,1,1990
1990-02-28,tmin,,2,1990
1990-03-31,tmin,,3,1990
1990-04-30,tmin,,4,1990
1990-05-31,tmin,,5,1990
1990-06-30,tmin,,6,1990
1990-07-31,tmin,,7,1990
1990-08-31,tmin,,8,1990
1990-09-30,tmin,,9,1990
1990-10-31,tmin,,10,1990
1990-11-30,tmin,,11,1990
1990-12-31,tmin,,12,1990
1991-01-31,tmin,,1,1991
1991-02-28,tmin,,2,1991
1991-03-31,tmin,,3,1991
1991-04-30,tmin,,4,1991
1991-05-31,tmin,,5,1991
1991-06-30,tmin,,6,1991
1991-07-31,tmin,,7,1991
1991-08-31,tmin,7.161290322580645,8,1991
1991-09-30,tmin,7.1,9,1991
1991-10-31,tmin,7.290322580645161,10,1991
1991-11-30,tmin,,11,1991
1991-12-31,tmin,,12,1991
1992-01-31,tmin,5.096774193548387,1,1992
1992-02-29,tmin,7.137931034482759,2,1992
1992-03-31,tmin,7.392857142857143,3,1992
1992-04-30,tmin,6.833333333333333,4,1992
1992-05-31,tmin,6.935483870967742,5,1992
1992-06-30,tmin,7.466666666666667,6,1992
1992-07-31,tmin,7.354838709677419,7,1992
1992-08-31,tmin,7.366666666666666,8,1992
1992-09-30,tmin,7.433333333333334,9,1992
1992-10-31,tmin,7.225806451612903,10,1992
1992-11-30,tmin,7.133333333333334,11,1992
1992-12-31,tmin,7.645161290322581,12,1992
1993-01-31,tmin,,1,1993
1993-02-28,tmin,,2,1993
1993-03-31,tmin,,3,1993
1993-04-30,tmin,,4,1993
1993-05-31,tmin,,5,1993
1993-06-30,tmin,,6,1993
1993-07-31,tmin,,7,1993
1993-08-31,tmin,,8,1993
1993-09-30,tmin,,9,1993
1993-10-31,tmin,,10,1993
1993-11-30,tmin,,11,1993
1993-12-31,tmin,,12,1993
1994-01-31,tmin,,1,1994
1994-02-28,tmin,,2,1994
1994-03-31,tmin,,3,1994
1994-04-30,tmin,,4,1994
1994-05-31,tmin,,5,1994
1994-06-30,tmin,7.1,6,1994
1994-07-31,tmin,7.258064516129032,7,1994
1994-08-31,tmin,7.548387096774194,8,1994
1994-09-30,tmin,7.6,9,1994
1994-10-31,tmin,7.516129032258065,10,1994
1994-11-30,tmin,,11,1994
1994-12-31,tmin,,12,1994
1995-01-31,tmin,,1,1995
1995-02-28,tmin,,2,1995
1995-03-31,tmin,,3,1995
1995-04-30,tmin,,4,1995
1995-05-31,tmin,,5,1995
1995-06-30,tmin,,6,1995
1995-07-31,tmin,,7,1995
1995-08-31,tmin,,8,1995
1995-09-30,tmin,,9,1995
1995-10-31,tmin,,10,1995
1995-11-30,tmin,,11,1995
1995-12-31,tmin,,12,1995
1996-01-31,tmin,,1,1996
1996-02-29,tmin,,2,1996
1996-03-31,tmin,,3,1996
1996-04-30,tmin,,4,1996
1996-05-31,tmin,7.419354838709677,5,1996
1996-06-30,tmin,6.9,6,1996
1996-07-31,tmin,20.322580645161292,7,1996
1996-08-31,tmin,18.580645161290324,8,1996
1996-09-30,tmin,13.666666666666666,9,1996
1996-10-31,tmin,10.774193548387096,10,1996
1996-11-30,tmin,6.433333333333334,11,1996
1996-12-31,tmin,7.838709677419355,12,1996
1997-01-31,tmin,,1,1997
1997-02-28,tmin,,2,1997
1997-03-31,tmin,,3,1997
1997-04-30,tmin,4.2,4,1997
1997-05-31,tmin,9.419354838709678,5,1997
1997-06-30,tmin,,6,1997
1997-07-31,tmin,,7,1997
1997-08-31,tmin,,8,1997
1997-09-30,tmin,,9,1997
1997-10-31,tmin,,10,1997
1997-11-30,tmin,,11,1997
1997-12-31,tmin,,12,1997
1998-01-31,tmin,,1,1998
1998-02-28,tmin,,2,1998
1998-03-31,tmin,,3,1998
1998-04-30,tmin,,4,1998
1998-05-31,tmin,,5,1998
1998-06-30,tmin,,6,1998
1998-07-31,tmin,,7,1998
1998-08-31,tmin,,8,1998
1998-09-30,tmin,,9,1998
1998-10-31,tmin,,10,1998
1998-11-30,tmin,,11,1998
1998-12-31,tmin,,12,1998
1999-01-31,tmin,,1,1999
1999-02-28,tmin,,2,1999
1999-03-31,tmin,,3,1999
1999-04-30,tmin,,4,1999
1999-05-31,tmin,,5,1999
1999-06-30,tmin,,6,1999
1999-07-31,tmin,,7,1999
1999-08-31,tmin,,8,1999
1999-09-30,tmin,,9,1999
1999-10-31,tmin,,10,1999
1999-11-30,tmin,,11,1999
1999-12-31,tmin,,12,1999
2000-01-31,tmin,,1,2000
2000-02-29,tmin,,2,2000
2000-03-31,tmin,,3,2000
2000-04-30,tmin,4.833333333333333,4,2000
2000-05-31,tmin,9.935483870967742,5,2000
2000-06-30,tmin,15.666666666666666,6,2000
2000-07-31,tmin,16.93548387096774,7,2000
2000-08-31,tmin,16.419354838709676,8,2000
2000-09-30,tmin,13.666666666666666,9,2000
2000-10-31,tmin,,10,2000
2000-11-30,tmin,,11,2000
2000-12-31,tmin,,12,2000
2001-01-31,tmin,,1,2001
2001-02-28,tmin,,2,2001
2001-03-31,tmin,,3,2001
2001-04-30,tmin,,4,2001
2001-05-31,tmin,,5,2001
2001-06-30,tmin,,6,2001
2001-07-31,tmin,,7,2001
2001-08-31,tmin,,8,2001
2001-09-30,tmin,,9,2001
2001-10-31,tmin,,10,2001
2001-11-30,tmin,,11,2001
2001-12-31,tmin,,12,2001
2002-01-31,tmin,,1,2002
2002-02-28,tmin,,2,2002
2002-03-31,tmin,,3,2002
2002-04-30,tmin,,4,2002
2002-05-31,tmin,,5,2002
2002-06-30,tmin,13.766666666666667,6,2002
2002-07-31,tmin,,7,2002
2002-08-31,tmin,,8,2002
2002-09-30,tmin,,9,2002
2002-10-31,tmin,,10,2002
2002-11-30,tmin,1.5666666666666667,11,2002
2002-12-31,tmin,-1.3333333333333333,12,2002
2003-01-31,tmin,,1,2003
2003-02-28,tmin,,2,2003
2003-03-31,tmin,,3,2003
2003-04-30,tmin,,4,2003
2003-05-31,tmin,,5,2003
2003-06-30,tmin,,6,2003
2003-07-31,tmin,18.0,7,2003
2003-08-31,tmin,15.966666666666667,8,2003
2003-09-30,tmin,14.066666666666666,9,2003
2003-10-31,tmin,10.166666666666666,10,2003
2003-11-30,tmin,0.6666666666666666,11,2003
2003-12-31,tmin,-2.032258064516129,12,2003
2004-01-31,tmin,0.45161290322580644,1,2004
2004-02-29,tmin,-2.7586206896551726,2,2004
2004-03-31,tmin,4.724137931034483,3,2004
2004-04-30,tmin,1.7,4,2004
2004-05-31,tmin,7.483870967741935,5,2004
2004-06-30,tmin,8.068965517241379,6,2004
2004-07-31,tmin,11.838709677419354,7,2004
2004-08-31,tmin,13.033333333333333,8,2004
2004-09-30,tmin,12.266666666666667,9,2004
2004-10-31,tmin,,10,2004
2004-11-30,tmin,7.615384615384615,11,2004
2004-12-31,tmin,8.741935483870968,12,2004
2005-01-31,tmin,5.866666666666666,1,2005
2005-02-28,tmin,,2,2005
2005-03-31,tmin,,3,2005
2005-04-30,tmin,,4,2005
2005-05-31,tmin,,5,2005
2005-06-30,tmin,,6,2005
2005-07-31,tmin,,7,2005
2005-08-31,tmin,,8,2005
2005-09-30,tmin,,9,2005
2005-10-31,tmin,6.32258064516129,10,2005
2005-11-30,tmin,4.0344827586206895,11,2005
2005-12-31,tmin,6.870967741935484,12,2005
2006-01-31,tmin,8.161290322580646,1,2006
2006-02-28,tmin,,2,2006
2006-03-31,tmin,,3,2006
2006-04-30,tmin,,4,2006
2006-05-31,tmin,,5,2006
2006-06-30,tmin,11.03448275862069,6,2006
2006-07-31,tmin,,7,2006
2006-08-31,tmin,,8,2006
2006-09-30,tmin,22.1,9,2006
2006-10-31,tmin,17.29032258064516,10,2006
2006-11-30,tmin,11.033333333333333,11,2006
2006-12-31,tmin,-4.258064516129032,12,2006
2007-01-31,tmin,-8.193548387096774,1,2007
2007-02-28,tmin,9.928571428571429,2,2007
2007-03-31,tmin,6.967741935483871,3,2007
2007-04-30,tmin,7.633333333333334,4,2007
2007-05-31,tmin,12.225806451612904,5,2007
2007-06-30,tmin,16.733333333333334,6,2007
2007-07-31,tmin,23.322580645161292,7,2007
2007-08-31,tmin,19.774193548387096,8,2007
2007-09-30,tmin,18.1,9,2007
2007-10-31,tmin,13.870967741935484,10,2007
2007-11-30,tmin,12.333333333333334,11,2007
2007-12-31,tmin,-1.8387096774193548,12,2007
2008-01-31,tmin,-10.35483870967742,1,2008
2008-02-29,tmin,-1.1379310344827587,2,2008
2008-03-31,tmin,4.516129032258065,3,2008
2008-04-30,tmin,,4,2008
2008-05-31,tmin,,5,2008
2008-06-30,tmin,,6,2008
2008-07-31,tmin,,7,2008
2008-08-31,tmin,,8,2008
2008-09-30,tmin,,9,2008
2008-10-31,tmin,,10,2008
2008-11-30,tmin,,11,2008
2008-12-31,tmin,,12,2008
2009-01-31,tmin,,1,2009
2009-02-28,tmin,,2,2009
2009-03-31,tmin,,3,2009
2009-04-30,tmin,,4,2009
2009-05-31,tmin,,5,2009
2009-06-30,tmin,,6,2009
2009-07-31,tmin,,7,2009
2009-08-31,tmin,,8,2009
2009-09-30,tmin,,9,2009
2009-10-31,tmin,,10,2009
2009-11-30,tmin,,11,2009
2009-12-31,tmin,,12,2009
2010-01-31,tmin,,1,2010
2010-02-28,tmin,,2,2010
2010-03-31,tmin,,3,2010
2010-04-30,tmin,,4,2010
2010-05-31,tmin,4.032258064516129,5,2010
2010-06-30,tmin,10.3,6,2010
2010-07-31,tmin,17.5,7,2010
2010-08-31,tmin,15.774193548387096,8,2010
2010-09-30,tmin,12.7,9,2010
2010-10-31,tmin,5.387096774193548,10,2010
2010-11-30,tmin,,11,2010
2010-12-31,tmin,,12,2010
2011-01-31,tmin,,1,2011
2011-02-28,tmin,,2,2011
2011-03-31,tmin,,3,2011
2011-04-30,tmin,,4,2011
2011-05-31,tmin,,5,2011
2011-06-30,tmin,,6,2011
2011-07-31,tmin,,7,2011
2011-08-31,tmin,17.193548387096776,8,2011
2011-09-30,tmin,13.0,9,2011
2011-10-31,tmin,4.724137931034483,10,2011
2011-11-30,tmin,1.8,11,2011
2011-12-31,tmin,-2.2903225806451615,12,2011
2012-01-31,tmin,-1.8387096774193548,1,2012
2012-02-29,tmin,0.6206896551724138,2,2012
2012-03-31,tmin,2.2580645161290325,3,2012
2012-04-30,tmin,5.266666666666667,4,2012
2012-05-31,tmin,6.806451612903226,5,2012
2012-06-30,tmin,11.166666666666666,6,2012
2012-07-31,tmin,16.620689655172413,7,2012
2012-08-31,tmin,15.870967741935484,8,2012
2012-09-30,tmin,12.10344827586207,9,2012
2012-10-31,tmin,4.096774193548387,10,2012
2012-11-30,tmin,2.3666666666666667,11,2012
2012-12-31,tmin,-0.3870967741935484,12,2012
2013-01-31,tmin,0.45161290322580644,1,2013
2013-02-28,tmin,4.678571428571429,2,2013
2013-03-31,tmin,1.2580645161290323,3,2013
2013-04-30,tmin,2.6,4,2013
2013-05-31,tmin,7.064516129032258,5,2013
2013-06-30,tmin,11.566666666666666,6,2013
2013-07-31,tmin,17.903225806451612,7,2013
2013-08-31,tmin,15.4,8,2013
2013-09-30,tmin,12.4,9,2013
2013-10-31,tmin,3.225806451612903,10,2013
2013-11-30,tmin,1.3,11,2013
2013-12-31,tmin,-3.5806451612903225,12,2013
2014-01-31,tmin,-4.580645161290323,1,2014
2014-02-28,tmin,-2.0357142857142856,2,2014
2014-03-31,tmin,0.6451612903225806,3,2014
2014-04-30,tmin,,4,2014
2014-05-31,tmin,,5,2014
2014-06-30,tmin,13.8,6,2014
2014-07-31,tmin,15.774193548387096,7,2014
2014-08-31,tmin,14.419354838709678,8,2014
2014-09-30,tmin,13.466666666666667,9,2014
2014-10-31,tmin,5.580645161290323,10,2014
2014-11-30,tmin,-0.9666666666666667,11,2014
2014-12-31,tmin,-3.6451612903225805,12,2014
2015-01-31,tmin,-2.4516129032258065,1,2015
2015-02-28,tmin,0.6428571428571429,2,2015
2015-03-31,tmin,3.032258064516129,3,2015
2015-04-30,tmin,2.0,4,2015
2015-05-31,tmin,4.290322580645161,5,2015
2015-06-30,tmin,13.966666666666667,6,2015
2015-07-31,tmin,16.258064516129032,7,2015
2015-08-31,tmin,15.67741935483871,8,2015
2015-09-30,tmin,12.9,9,2015
2015-10-31,tmin,8.838709677419354,10,2015
2015-11-30,tmin,-3.2333333333333334,11,2015
2015-12-31,tmin,-5.419354838709677,12,2015
2016-01-31,tmin,-2.967741935483871,1,2016
2016-02-29,tmin,-3.2413793103448274,2,2016
2016-03-31,tmin,-1.2580645161290323,3,2016
2016-04-30,tmin,1.4,4,2016
